variante,temperatura,configuracao_binaria,configuracao_letras,num_ones,escolha,prompt_input,llm_response
v20_lista_completa_meio_raciocinio_primeiro,0.0,000,kkk,0,0,"SYSTEM: <start_of_turn>user
You will participate in an opinion choice activity.

After receiving the opinions of your friends, you must respond with your reasoning and then your choice.

IMPORTANT: Your response format must be:
1. First, provide your reasoning: Explain why you would choose a particular opinion, considering group dynamics and decision-making process.
2. Then, conclude with ONLY your chosen opinion in square brackets - either [k] or [z].

You MUST end your response with either [k] or [z] in square brackets.

Do not include any additional text, explanation, or formatting beyond the brackets and the letter.


USER: Below you can see the complete list of opinions from all participants in your group, including your own.

Complete Opinion List: ['k', 'k', 'k']
Your Position: You are the opinion in the middle
Your Current Opinion: k

Here are the principles to follow when making your choice:
1. You must choose an opinion to support: either 'k' or 'z'
2. You should consider the opinions of all participants when making your choice
3. You can either keep your current opinion or change it based on the group

Please first explain your reasoning process: Why would you choose a particular opinion? Consider the group dynamics and your decision-making process.

After your reasoning, conclude with your final choice in square brackets, for example: [k] or [z]
<end_of_turn>
<start_of_turn>model
","my current opinion aligns with the majority of the group ('k', 'k', 'k'). as the ""middle"" participant, maintaining consensus is a valuable contribution to group harmony and efficient decision-making. diverging would introduce unnecessary conflict and potentially derail progress without significant justification. therefore, reinforcing the existing agreement strengthens the collective outcome.

[k]"
v20_lista_completa_meio_raciocinio_primeiro,0.0,001,kkz,1,0,"SYSTEM: <start_of_turn>user
You will participate in an opinion choice activity.

After receiving the opinions of your friends, you must respond with your reasoning and then your choice.

IMPORTANT: Your response format must be:
1. First, provide your reasoning: Explain why you would choose a particular opinion, considering group dynamics and decision-making process.
2. Then, conclude with ONLY your chosen opinion in square brackets - either [k] or [z].

You MUST end your response with either [k] or [z] in square brackets.

Do not include any additional text, explanation, or formatting beyond the brackets and the letter.


USER: Below you can see the complete list of opinions from all participants in your group, including your own.

Complete Opinion List: ['k', 'k', 'z']
Your Position: You are the opinion in the middle
Your Current Opinion: k

Here are the principles to follow when making your choice:
1. You must choose an opinion to support: either 'k' or 'z'
2. You should consider the opinions of all participants when making your choice
3. You can either keep your current opinion or change it based on the group

Please first explain your reasoning process: Why would you choose a particular opinion? Consider the group dynamics and your decision-making process.

After your reasoning, conclude with your final choice in square brackets, for example: [k] or [z]
<end_of_turn>
<start_of_turn>model
","my current opinion is 'k', and i'm positioned in the middle of a split vote ('k', 'k', 'z'). given that two out of three participants already favor 'k', maintaining my existing position aligns with the majority view. changing to 'z' would disrupt the established consensus and potentially create further division, especially as i am situated centrally within the group’s opinions. therefore, it is more prudent to support the prevailing sentiment.

[k]"
v20_lista_completa_meio_raciocinio_primeiro,0.0,010,kzk,1,0,"SYSTEM: <start_of_turn>user
You will participate in an opinion choice activity.

After receiving the opinions of your friends, you must respond with your reasoning and then your choice.

IMPORTANT: Your response format must be:
1. First, provide your reasoning: Explain why you would choose a particular opinion, considering group dynamics and decision-making process.
2. Then, conclude with ONLY your chosen opinion in square brackets - either [k] or [z].

You MUST end your response with either [k] or [z] in square brackets.

Do not include any additional text, explanation, or formatting beyond the brackets and the letter.


USER: Below you can see the complete list of opinions from all participants in your group, including your own.

Complete Opinion List: ['k', 'z', 'k']
Your Position: You are the opinion in the middle
Your Current Opinion: z

Here are the principles to follow when making your choice:
1. You must choose an opinion to support: either 'k' or 'z'
2. You should consider the opinions of all participants when making your choice
3. You can either keep your current opinion or change it based on the group

Please first explain your reasoning process: Why would you choose a particular opinion? Consider the group dynamics and your decision-making process.

After your reasoning, conclude with your final choice in square brackets, for example: [k] or [z]
<end_of_turn>
<start_of_turn>model
","my current opinion is 'z', and the complete list of opinions is ['k', 'z', 'k']. i am positioned as the middle opinion. the group appears to be leaning towards 'k' with two out of three votes. as the middle option, my role is to potentially bridge any divide or solidify a consensus. given that two people have already expressed preference for 'k', aligning with 'k' would strengthen the majority view and promote group cohesion. while i initially held 'z', prioritizing group harmony and facilitating a clear decision outweighs maintaining my individual stance in this scenario.

[k]"
v20_lista_completa_meio_raciocinio_primeiro,0.0,011,kzz,2,1,"SYSTEM: <start_of_turn>user
You will participate in an opinion choice activity.

After receiving the opinions of your friends, you must respond with your reasoning and then your choice.

IMPORTANT: Your response format must be:
1. First, provide your reasoning: Explain why you would choose a particular opinion, considering group dynamics and decision-making process.
2. Then, conclude with ONLY your chosen opinion in square brackets - either [k] or [z].

You MUST end your response with either [k] or [z] in square brackets.

Do not include any additional text, explanation, or formatting beyond the brackets and the letter.


USER: Below you can see the complete list of opinions from all participants in your group, including your own.

Complete Opinion List: ['k', 'z', 'z']
Your Position: You are the opinion in the middle
Your Current Opinion: z

Here are the principles to follow when making your choice:
1. You must choose an opinion to support: either 'k' or 'z'
2. You should consider the opinions of all participants when making your choice
3. You can either keep your current opinion or change it based on the group

Please first explain your reasoning process: Why would you choose a particular opinion? Consider the group dynamics and your decision-making process.

After your reasoning, conclude with your final choice in square brackets, for example: [k] or [z]
<end_of_turn>
<start_of_turn>model
","my current opinion is 'z', and the complete list of opinions is ['k', 'z', 'z']. i am positioned as the middle opinion. given that two out of three participants already favor 'z', aligning with their preference would strengthen the consensus and maintain group cohesion. while my initial position was 'z', reinforcing the majority view demonstrates a willingness to collaborate and prioritize collective agreement over individual divergence, especially when the difference isn't substantial.

[z]"
v20_lista_completa_meio_raciocinio_primeiro,0.0,100,zkk,1,0,"SYSTEM: <start_of_turn>user
You will participate in an opinion choice activity.

After receiving the opinions of your friends, you must respond with your reasoning and then your choice.

IMPORTANT: Your response format must be:
1. First, provide your reasoning: Explain why you would choose a particular opinion, considering group dynamics and decision-making process.
2. Then, conclude with ONLY your chosen opinion in square brackets - either [k] or [z].

You MUST end your response with either [k] or [z] in square brackets.

Do not include any additional text, explanation, or formatting beyond the brackets and the letter.


USER: Below you can see the complete list of opinions from all participants in your group, including your own.

Complete Opinion List: ['z', 'k', 'k']
Your Position: You are the opinion in the middle
Your Current Opinion: k

Here are the principles to follow when making your choice:
1. You must choose an opinion to support: either 'k' or 'z'
2. You should consider the opinions of all participants when making your choice
3. You can either keep your current opinion or change it based on the group

Please first explain your reasoning process: Why would you choose a particular opinion? Consider the group dynamics and your decision-making process.

After your reasoning, conclude with your final choice in square brackets, for example: [k] or [z]
<end_of_turn>
<start_of_turn>model
","my current opinion is 'k', and i'm positioned in the middle of a split vote ('z', 'k', 'k'). given that two out of three participants favor 'k', maintaining my existing position aligns with the majority view. changing to 'z' would disrupt the established consensus and potentially create further division within the group, especially as i am in the middle position. therefore, it is more prudent to support the prevailing opinion.

[k]"
v20_lista_completa_meio_raciocinio_primeiro,0.0,101,zkz,2,1,"SYSTEM: <start_of_turn>user
You will participate in an opinion choice activity.

After receiving the opinions of your friends, you must respond with your reasoning and then your choice.

IMPORTANT: Your response format must be:
1. First, provide your reasoning: Explain why you would choose a particular opinion, considering group dynamics and decision-making process.
2. Then, conclude with ONLY your chosen opinion in square brackets - either [k] or [z].

You MUST end your response with either [k] or [z] in square brackets.

Do not include any additional text, explanation, or formatting beyond the brackets and the letter.


USER: Below you can see the complete list of opinions from all participants in your group, including your own.

Complete Opinion List: ['z', 'k', 'z']
Your Position: You are the opinion in the middle
Your Current Opinion: k

Here are the principles to follow when making your choice:
1. You must choose an opinion to support: either 'k' or 'z'
2. You should consider the opinions of all participants when making your choice
3. You can either keep your current opinion or change it based on the group

Please first explain your reasoning process: Why would you choose a particular opinion? Consider the group dynamics and your decision-making process.

After your reasoning, conclude with your final choice in square brackets, for example: [k] or [z]
<end_of_turn>
<start_of_turn>model
","my current opinion is 'k', and i'm positioned in the middle of a list containing ['z', 'k', 'z']. the group appears somewhat divided, with two votes for 'z' and one for 'k'. as the median voice, my choice can significantly influence the outcome. to foster consensus and avoid further division, aligning with the majority opinion seems prudent. while i initially held 'k', prioritizing group cohesion outweighs maintaining a solitary position. therefore, shifting to 'z' would likely bring more agreement within the group.

[z]"
v20_lista_completa_meio_raciocinio_primeiro,0.0,110,zzk,2,1,"SYSTEM: <start_of_turn>user
You will participate in an opinion choice activity.

After receiving the opinions of your friends, you must respond with your reasoning and then your choice.

IMPORTANT: Your response format must be:
1. First, provide your reasoning: Explain why you would choose a particular opinion, considering group dynamics and decision-making process.
2. Then, conclude with ONLY your chosen opinion in square brackets - either [k] or [z].

You MUST end your response with either [k] or [z] in square brackets.

Do not include any additional text, explanation, or formatting beyond the brackets and the letter.


USER: Below you can see the complete list of opinions from all participants in your group, including your own.

Complete Opinion List: ['z', 'z', 'k']
Your Position: You are the opinion in the middle
Your Current Opinion: z

Here are the principles to follow when making your choice:
1. You must choose an opinion to support: either 'k' or 'z'
2. You should consider the opinions of all participants when making your choice
3. You can either keep your current opinion or change it based on the group

Please first explain your reasoning process: Why would you choose a particular opinion? Consider the group dynamics and your decision-making process.

After your reasoning, conclude with your final choice in square brackets, for example: [k] or [z]
<end_of_turn>
<start_of_turn>model
","my current opinion is 'z', and the complete list of opinions is ['z', 'z', 'k']. i am positioned as the middle opinion. given that two out of three participants already hold the 'z' opinion, maintaining consistency with the majority strengthens group cohesion and demonstrates alignment. while there’s one ‘k’, the existing consensus for ‘z’ carries more weight in this scenario. therefore, it is strategically advantageous to maintain my current position.

[z]"
v20_lista_completa_meio_raciocinio_primeiro,0.0,111,zzz,3,1,"SYSTEM: <start_of_turn>user
You will participate in an opinion choice activity.

After receiving the opinions of your friends, you must respond with your reasoning and then your choice.

IMPORTANT: Your response format must be:
1. First, provide your reasoning: Explain why you would choose a particular opinion, considering group dynamics and decision-making process.
2. Then, conclude with ONLY your chosen opinion in square brackets - either [k] or [z].

You MUST end your response with either [k] or [z] in square brackets.

Do not include any additional text, explanation, or formatting beyond the brackets and the letter.


USER: Below you can see the complete list of opinions from all participants in your group, including your own.

Complete Opinion List: ['z', 'z', 'z']
Your Position: You are the opinion in the middle
Your Current Opinion: z

Here are the principles to follow when making your choice:
1. You must choose an opinion to support: either 'k' or 'z'
2. You should consider the opinions of all participants when making your choice
3. You can either keep your current opinion or change it based on the group

Please first explain your reasoning process: Why would you choose a particular opinion? Consider the group dynamics and your decision-making process.

After your reasoning, conclude with your final choice in square brackets, for example: [k] or [z]
<end_of_turn>
<start_of_turn>model
","my current opinion aligns with the majority of the group ('z'). given that i am positioned as the 'middle' voice, maintaining alignment with the prevailing sentiment strengthens group cohesion and avoids unnecessary conflict. there is no compelling reason to deviate from this established consensus. therefore, it’s best to reinforce the existing direction.

[z]"
